animal_name,hair,feathers,eggs,milk,airborne,aquatic,predator,toothed,backbone,breathes,venomous,fins,legs,tail,domestic,catsize,class_type,Class_Number,Number_Of_Animal_Species_In_Class,Class_Type,Animal_Names,habitat,diet,conservation_status,conservation,status
aardvark,1,0,0,1,0,0,1,1,1,1,0,0,4,0,0,1,1,1,41,Mammal,"aardvark, antelope, bear, boar, buffalo, calf, cavy, cheetah, deer, dolphin, elephant, fruitbat, giraffe, girl, goat, gorilla, hamster, hare, leopard, lion, lynx, mink, mole, mongoose, opossum, oryx, platypus, polecat, pony, porpoise, puma, pussycat, raccoon, reindeer, seal, sealion, squirrel, vampire, vole, wallaby, wolf",savanna,insectivore,least concern,,
antelope,1,0,0,1,0,0,0,1,1,1,0,0,4,1,0,1,1,1,41,Mammal,"aardvark, antelope, bear, boar, buffalo, calf, cavy, cheetah, deer, dolphin, elephant, fruitbat, giraffe, girl, goat, gorilla, hamster, hare, leopard, lion, lynx, mink, mole, mongoose, opossum, oryx, platypus, polecat, pony, porpoise, puma, pussycat, raccoon, reindeer, seal, sealion, squirrel, vampire, vole, wallaby, wolf",grasslands,herbivore,,near threatened,
bass,0,0,1,0,0,1,1,1,1,0,0,1,0,1,0,0,4,4,13,Fish,"bass, carp, catfish, chub, dogfish, haddock, herring, pike, piranha, seahorse, sole, stingray, tuna",freshwater,carnivore,least,,
bear,1,0,0,1,0,0,1,1,1,1,0,0,4,0,0,1,1,1,41,Mammal,"aardvark, antelope, bear, boar, buffalo, calf, cavy, cheetah, deer, dolphin, elephant, fruitbat, giraffe, girl, goat, gorilla, hamster, hare, leopard, lion, lynx, mink, mole, mongoose, opossum, oryx, platypus, polecat, pony, porpoise, puma, pussycat, raccoon, reindeer, seal, sealion, squirrel, vampire, vole, wallaby, wolf",forest,omnivore,vulnerable,,
boar,1,0,0,1,0,0,1,1,1,1,0,0,4,1,0,1,1,1,41,Mammal,"aardvark, antelope, bear, boar, buffalo, calf, cavy, cheetah, deer, dolphin, elephant, fruitbat, giraffe, girl, goat, gorilla, hamster, hare, leopard, lion, lynx, mink, mole, mongoose, opossum, oryx, platypus, polecat, pony, porpoise, puma, pussycat, raccoon, reindeer, seal, sealion, squirrel, vampire, vole, wallaby, wolf",forest,omnivor,,,least concern
buffalo,1,0,0,1,0,0,0,1,1,1,0,0,4,1,0,1,1,1,41,Mammal,"aardvark, antelope, bear, boar, buffalo, calf, cavy, cheetah, deer, dolphin, elephant, fruitbat, giraffe, girl, goat, gorilla, hamster, hare, leopard, lion, lynx, mink, mole, mongoose, opossum, oryx, platypus, polecat, pony, porpoise, puma, pussycat, raccoon, reindeer, seal, sealion, squirrel, vampire, vole, wallaby, wolf",grasslands,herbivore,,endangered,
calf,1,0,0,1,0,0,0,1,1,1,0,0,4,1,1,1,1,1,41,Mammal,"aardvark, antelope, bear, boar, buffalo, calf, cavy, cheetah, deer, dolphin, elephant, fruitbat, giraffe, girl, goat, gorilla, hamster, hare, leopard, lion, lynx, mink, mole, mongoose, opossum, oryx, platypus, polecat, pony, porpoise, puma, pussycat, raccoon, reindeer, seal, sealion, squirrel, vampire, vole, wallaby, wolf",domestic,herbivore,,,
carp,0,0,1,0,0,1,0,1,1,0,0,1,0,1,1,0,4,4,13,Fish,"bass, carp, catfish, chub, dogfish, haddock, herring, pike, piranha, seahorse, sole, stingray, tuna",fresh water,omnivore,least concern,,
catfish,0,0,1,0,0,1,1,1,1,0,0,1,0,1,0,0,4,4,13,Fish,"bass, carp, catfish, chub, dogfish, haddock, herring, pike, piranha, seahorse, sole, stingray, tuna",FreshWater,carnivore,,,
cavy,1,0,0,1,0,0,0,1,1,1,0,0,4,0,1,0,1,1,41,Mammal,"aardvark, antelope, bear, boar, buffalo, calf, cavy, cheetah, deer, dolphin, elephant, fruitbat, giraffe, girl, goat, gorilla, hamster, hare, leopard, lion, lynx, mink, mole, mongoose, opossum, oryx, platypus, polecat, pony, porpoise, puma, pussycat, raccoon, reindeer, seal, sealion, squirrel, vampire, vole, wallaby, wolf",Unknown,Unknown,,,
cheetah,1,0,0,1,0,0,1,1,1,1,0,0,4,1,0,1,1,1,41,Mammal,"aardvark, antelope, bear, boar, buffalo, calf, cavy, cheetah, deer, dolphin, elephant, fruitbat, giraffe, girl, goat, gorilla, hamster, hare, leopard, lion, lynx, mink, mole, mongoose, opossum, oryx, platypus, polecat, pony, porpoise, puma, pussycat, raccoon, reindeer, seal, sealion, squirrel, vampire, vole, wallaby, wolf",Unknown,Unknown,,,
chicken,0,1,1,0,1,0,0,0,1,1,0,0,2,1,1,0,2,2,20,Bird,"chicken, crow, dove, duck, flamingo, gull, hawk, kiwi, lark, ostrich, parakeet, penguin, pheasant, rhea, skimmer, skua, sparrow, swan, vulture, wren",Unknown,Unknown,,,
chub,0,0,1,0,0,1,1,1,1,0,0,1,0,1,0,0,4,4,13,Fish,"bass, carp, catfish, chub, dogfish, haddock, herring, pike, piranha, seahorse, sole, stingray, tuna",Unknown,Unknown,,,
clam,0,0,1,0,0,0,1,0,0,0,0,0,0,0,0,0,7,7,10,Invertebrate,"clam, crab, crayfish, lobster, octopus, scorpion, seawasp, slug, starfish, worm",marine,filter_feeder,least concern,,
crab,0,0,1,0,0,1,1,0,0,0,0,0,4,0,0,0,7,7,10,Invertebrate,"clam, crab, crayfish, lobster, octopus, scorpion, seawasp, slug, starfish, worm",marine/coastal,omnivore,,least concern,
crayfish,0,0,1,0,0,1,1,0,0,0,0,0,6,0,0,0,7,7,10,Invertebrate,"clam, crab, crayfish, lobster, octopus, scorpion, seawasp, slug, starfish, worm",Unknown,Unknown,,,
crow,0,1,1,0,1,0,1,0,1,1,0,0,2,1,0,0,2,2,20,Bird,"chicken, crow, dove, duck, flamingo, gull, hawk, kiwi, lark, ostrich, parakeet, penguin, pheasant, rhea, skimmer, skua, sparrow, swan, vulture, wren",Unknown,Unknown,,,
deer,1,0,0,1,0,0,0,1,1,1,0,0,4,1,0,1,1,1,41,Mammal,"aardvark, antelope, bear, boar, buffalo, calf, cavy, cheetah, deer, dolphin, elephant, fruitbat, giraffe, girl, goat, gorilla, hamster, hare, leopard, lion, lynx, mink, mole, mongoose, opossum, oryx, platypus, polecat, pony, porpoise, puma, pussycat, raccoon, reindeer, seal, sealion, squirrel, vampire, vole, wallaby, wolf",Forest,Herbivore,vulnerable,,
dogfish,0,0,1,0,0,1,1,1,1,0,0,1,0,1,0,1,4,4,13,Fish,"bass, carp, catfish, chub, dogfish, haddock, herring, pike, piranha, seahorse, sole, stingray, tuna",Unknown,Unknown,,,
dolphin,0,0,0,1,0,1,1,1,1,1,0,1,0,1,0,1,1,1,41,Mammal,"aardvark, antelope, bear, boar, buffalo, calf, cavy, cheetah, deer, dolphin, elephant, fruitbat, giraffe, girl, goat, gorilla, hamster, hare, leopard, lion, lynx, mink, mole, mongoose, opossum, oryx, platypus, polecat, pony, porpoise, puma, pussycat, raccoon, reindeer, seal, sealion, squirrel, vampire, vole, wallaby, wolf",Unknown,Unknown,,,
dove,0,1,1,0,1,0,0,0,1,1,0,0,2,1,1,0,2,2,20,Bird,"chicken, crow, dove, duck, flamingo, gull, hawk, kiwi, lark, ostrich, parakeet, penguin, pheasant, rhea, skimmer, skua, sparrow, swan, vulture, wren",Unknown,Unknown,,,
duck,0,1,1,0,1,1,0,0,1,1,0,0,2,1,0,0,2,2,20,Bird,"chicken, crow, dove, duck, flamingo, gull, hawk, kiwi, lark, ostrich, parakeet, penguin, pheasant, rhea, skimmer, skua, sparrow, swan, vulture, wren",Unknown,Unknown,,,
elephant,1,0,0,1,0,0,0,1,1,1,0,0,4,1,0,1,1,1,41,Mammal,"aardvark, antelope, bear, boar, buffalo, calf, cavy, cheetah, deer, dolphin, elephant, fruitbat, giraffe, girl, goat, gorilla, hamster, hare, leopard, lion, lynx, mink, mole, mongoose, opossum, oryx, platypus, polecat, pony, porpoise, puma, pussycat, raccoon, reindeer, seal, sealion, squirrel, vampire, vole, wallaby, wolf",Unknown,Unknown,,,
flamingo,0,1,1,0,1,0,0,0,1,1,0,0,2,1,0,1,2,2,20,Bird,"chicken, crow, dove, duck, flamingo, gull, hawk, kiwi, lark, ostrich, parakeet, penguin, pheasant, rhea, skimmer, skua, sparrow, swan, vulture, wren",Unknown,Unknown,,,
flea,0,0,1,0,0,0,0,0,0,1,0,0,6,0,0,0,6,6,8,Bug,"flea, gnat, honeybee, housefly, ladybird, moth, termite, wasp",Unknown,Unknown,,,
frog,0,0,1,0,0,1,1,1,1,1,0,0,4,0,0,0,5,5,4,Amphibian,"frog, frog, newt, toad",Unknown,Unknown,,,
frog,0,0,1,0,0,1,1,1,1,1,1,0,4,0,0,0,5,5,4,Amphibian,"frog, frog, newt, toad",Unknown,Unknown,,,
fruitbat,1,0,0,1,1,0,0,1,1,1,0,0,2,1,0,0,1,1,41,Mammal,"aardvark, antelope, bear, boar, buffalo, calf, cavy, cheetah, deer, dolphin, elephant, fruitbat, giraffe, girl, goat, gorilla, hamster, hare, leopard, lion, lynx, mink, mole, mongoose, opossum, oryx, platypus, polecat, pony, porpoise, puma, pussycat, raccoon, reindeer, seal, sealion, squirrel, vampire, vole, wallaby, wolf",Unknown,Unknown,,,
giraffe,1,0,0,1,0,0,0,1,1,1,0,0,4,1,0,1,1,1,41,Mammal,"aardvark, antelope, bear, boar, buffalo, calf, cavy, cheetah, deer, dolphin, elephant, fruitbat, giraffe, girl, goat, gorilla, hamster, hare, leopard, lion, lynx, mink, mole, mongoose, opossum, oryx, platypus, polecat, pony, porpoise, puma, pussycat, raccoon, reindeer, seal, sealion, squirrel, vampire, vole, wallaby, wolf",Unknown,Unknown,,,
girl,1,0,0,1,0,0,1,1,1,1,0,0,2,0,1,1,1,1,41,Mammal,"aardvark, antelope, bear, boar, buffalo, calf, cavy, cheetah, deer, dolphin, elephant, fruitbat, giraffe, girl, goat, gorilla, hamster, hare, leopard, lion, lynx, mink, mole, mongoose, opossum, oryx, platypus, polecat, pony, porpoise, puma, pussycat, raccoon, reindeer, seal, sealion, squirrel, vampire, vole, wallaby, wolf",Unknown,Unknown,,,
gnat,0,0,1,0,1,0,0,0,0,1,0,0,6,0,0,0,6,6,8,Bug,"flea, gnat, honeybee, housefly, ladybird, moth, termite, wasp",Unknown,Unknown,,,
goat,1,0,0,1,0,0,0,1,1,1,0,0,4,1,1,1,1,1,41,Mammal,"aardvark, antelope, bear, boar, buffalo, calf, cavy, cheetah, deer, dolphin, elephant, fruitbat, giraffe, girl, goat, gorilla, hamster, hare, leopard, lion, lynx, mink, mole, mongoose, opossum, oryx, platypus, polecat, pony, porpoise, puma, pussycat, raccoon, reindeer, seal, sealion, squirrel, vampire, vole, wallaby, wolf",Unknown,Unknown,,,
gorilla,1,0,0,1,0,0,0,1,1,1,0,0,2,0,0,1,1,1,41,Mammal,"aardvark, antelope, bear, boar, buffalo, calf, cavy, cheetah, deer, dolphin, elephant, fruitbat, giraffe, girl, goat, gorilla, hamster, hare, leopard, lion, lynx, mink, mole, mongoose, opossum, oryx, platypus, polecat, pony, porpoise, puma, pussycat, raccoon, reindeer, seal, sealion, squirrel, vampire, vole, wallaby, wolf",Unknown,Unknown,,,
gull,0,1,1,0,1,1,1,0,1,1,0,0,2,1,0,0,2,2,20,Bird,"chicken, crow, dove, duck, flamingo, gull, hawk, kiwi, lark, ostrich, parakeet, penguin, pheasant, rhea, skimmer, skua, sparrow, swan, vulture, wren",Unknown,Unknown,,,
haddock,0,0,1,0,0,1,0,1,1,0,0,1,0,1,0,0,4,4,13,Fish,"bass, carp, catfish, chub, dogfish, haddock, herring, pike, piranha, seahorse, sole, stingray, tuna",Unknown,Unknown,,,
hamster,1,0,0,1,0,0,0,1,1,1,0,0,4,1,1,0,1,1,41,Mammal,"aardvark, antelope, bear, boar, buffalo, calf, cavy, cheetah, deer, dolphin, elephant, fruitbat, giraffe, girl, goat, gorilla, hamster, hare, leopard, lion, lynx, mink, mole, mongoose, opossum, oryx, platypus, polecat, pony, porpoise, puma, pussycat, raccoon, reindeer, seal, sealion, squirrel, vampire, vole, wallaby, wolf",Unknown,Unknown,,,
hare,1,0,0,1,0,0,0,1,1,1,0,0,4,1,0,0,1,1,41,Mammal,"aardvark, antelope, bear, boar, buffalo, calf, cavy, cheetah, deer, dolphin, elephant, fruitbat, giraffe, girl, goat, gorilla, hamster, hare, leopard, lion, lynx, mink, mole, mongoose, opossum, oryx, platypus, polecat, pony, porpoise, puma, pussycat, raccoon, reindeer, seal, sealion, squirrel, vampire, vole, wallaby, wolf",Unknown,Unknown,,,
hawk,0,1,1,0,1,0,1,0,1,1,0,0,2,1,0,0,2,2,20,Bird,"chicken, crow, dove, duck, flamingo, gull, hawk, kiwi, lark, ostrich, parakeet, penguin, pheasant, rhea, skimmer, skua, sparrow, swan, vulture, wren",Unknown,Unknown,,,
herring,0,0,1,0,0,1,1,1,1,0,0,1,0,1,0,0,4,4,13,Fish,"bass, carp, catfish, chub, dogfish, haddock, herring, pike, piranha, seahorse, sole, stingray, tuna",Unknown,Unknown,,,
honeybee,1,0,1,0,1,0,0,0,0,1,1,0,6,0,1,0,6,6,8,Bug,"flea, gnat, honeybee, housefly, ladybird, moth, termite, wasp",Unknown,Unknown,,,
housefly,1,0,1,0,1,0,0,0,0,1,0,0,6,0,0,0,6,6,8,Bug,"flea, gnat, honeybee, housefly, ladybird, moth, termite, wasp",Unknown,Unknown,,,
kiwi,0,1,1,0,0,0,1,0,1,1,0,0,2,1,0,0,2,2,20,Bird,"chicken, crow, dove, duck, flamingo, gull, hawk, kiwi, lark, ostrich, parakeet, penguin, pheasant, rhea, skimmer, skua, sparrow, swan, vulture, wren",Unknown,Unknown,,,
ladybird,0,0,1,0,1,0,1,0,0,1,0,0,6,0,0,0,6,6,8,Bug,"flea, gnat, honeybee, housefly, ladybird, moth, termite, wasp",Unknown,Unknown,,,
lark,0,1,1,0,1,0,0,0,1,1,0,0,2,1,0,0,2,2,20,Bird,"chicken, crow, dove, duck, flamingo, gull, hawk, kiwi, lark, ostrich, parakeet, penguin, pheasant, rhea, skimmer, skua, sparrow, swan, vulture, wren",Unknown,Unknown,,,
leopard,1,0,0,1,0,0,1,1,1,1,0,0,4,1,0,1,1,1,41,Mammal,"aardvark, antelope, bear, boar, buffalo, calf, cavy, cheetah, deer, dolphin, elephant, fruitbat, giraffe, girl, goat, gorilla, hamster, hare, leopard, lion, lynx, mink, mole, mongoose, opossum, oryx, platypus, polecat, pony, porpoise, puma, pussycat, raccoon, reindeer, seal, sealion, squirrel, vampire, vole, wallaby, wolf",Unknown,Unknown,,,
lion,1,0,0,1,0,0,1,1,1,1,0,0,4,1,0,1,1,1,41,Mammal,"aardvark, antelope, bear, boar, buffalo, calf, cavy, cheetah, deer, dolphin, elephant, fruitbat, giraffe, girl, goat, gorilla, hamster, hare, leopard, lion, lynx, mink, mole, mongoose, opossum, oryx, platypus, polecat, pony, porpoise, puma, pussycat, raccoon, reindeer, seal, sealion, squirrel, vampire, vole, wallaby, wolf",Unknown,Unknown,,,
lobster,0,0,1,0,0,1,1,0,0,0,0,0,6,0,0,0,7,7,10,Invertebrate,"clam, crab, crayfish, lobster, octopus, scorpion, seawasp, slug, starfish, worm",Unknown,Unknown,,,
lynx,1,0,0,1,0,0,1,1,1,1,0,0,4,1,0,1,1,1,41,Mammal,"aardvark, antelope, bear, boar, buffalo, calf, cavy, cheetah, deer, dolphin, elephant, fruitbat, giraffe, girl, goat, gorilla, hamster, hare, leopard, lion, lynx, mink, mole, mongoose, opossum, oryx, platypus, polecat, pony, porpoise, puma, pussycat, raccoon, reindeer, seal, sealion, squirrel, vampire, vole, wallaby, wolf",Unknown,Unknown,,,
mink,1,0,0,1,0,1,1,1,1,1,0,0,4,1,0,1,1,1,41,Mammal,"aardvark, antelope, bear, boar, buffalo, calf, cavy, cheetah, deer, dolphin, elephant, fruitbat, giraffe, girl, goat, gorilla, hamster, hare, leopard, lion, lynx, mink, mole, mongoose, opossum, oryx, platypus, polecat, pony, porpoise, puma, pussycat, raccoon, reindeer, seal, sealion, squirrel, vampire, vole, wallaby, wolf",Unknown,Unknown,,,
mole,1,0,0,1,0,0,1,1,1,1,0,0,4,1,0,0,1,1,41,Mammal,"aardvark, antelope, bear, boar, buffalo, calf, cavy, cheetah, deer, dolphin, elephant, fruitbat, giraffe, girl, goat, gorilla, hamster, hare, leopard, lion, lynx, mink, mole, mongoose, opossum, oryx, platypus, polecat, pony, porpoise, puma, pussycat, raccoon, reindeer, seal, sealion, squirrel, vampire, vole, wallaby, wolf",Unknown,Unknown,,,
mongoose,1,0,0,1,0,0,1,1,1,1,0,0,4,1,0,1,1,1,41,Mammal,"aardvark, antelope, bear, boar, buffalo, calf, cavy, cheetah, deer, dolphin, elephant, fruitbat, giraffe, girl, goat, gorilla, hamster, hare, leopard, lion, lynx, mink, mole, mongoose, opossum, oryx, platypus, polecat, pony, porpoise, puma, pussycat, raccoon, reindeer, seal, sealion, squirrel, vampire, vole, wallaby, wolf",Unknown,Unknown,,,
moth,1,0,1,0,1,0,0,0,0,1,0,0,6,0,0,0,6,6,8,Bug,"flea, gnat, honeybee, housefly, ladybird, moth, termite, wasp",Unknown,Unknown,,,
newt,0,0,1,0,0,1,1,1,1,1,0,0,4,1,0,0,5,5,4,Amphibian,"frog, frog, newt, toad",Unknown,Unknown,,,
octopus,0,0,1,0,0,1,1,0,0,0,0,0,8,0,0,1,7,7,10,Invertebrate,"clam, crab, crayfish, lobster, octopus, scorpion, seawasp, slug, starfish, worm",Unknown,Unknown,,,
opossum,1,0,0,1,0,0,1,1,1,1,0,0,4,1,0,0,1,1,41,Mammal,"aardvark, antelope, bear, boar, buffalo, calf, cavy, cheetah, deer, dolphin, elephant, fruitbat, giraffe, girl, goat, gorilla, hamster, hare, leopard, lion, lynx, mink, mole, mongoose, opossum, oryx, platypus, polecat, pony, porpoise, puma, pussycat, raccoon, reindeer, seal, sealion, squirrel, vampire, vole, wallaby, wolf",Unknown,Unknown,,,
oryx,1,0,0,1,0,0,0,1,1,1,0,0,4,1,0,1,1,1,41,Mammal,"aardvark, antelope, bear, boar, buffalo, calf, cavy, cheetah, deer, dolphin, elephant, fruitbat, giraffe, girl, goat, gorilla, hamster, hare, leopard, lion, lynx, mink, mole, mongoose, opossum, oryx, platypus, polecat, pony, porpoise, puma, pussycat, raccoon, reindeer, seal, sealion, squirrel, vampire, vole, wallaby, wolf",Unknown,Unknown,,,
ostrich,0,1,1,0,0,0,0,0,1,1,0,0,2,1,0,1,2,2,20,Bird,"chicken, crow, dove, duck, flamingo, gull, hawk, kiwi, lark, ostrich, parakeet, penguin, pheasant, rhea, skimmer, skua, sparrow, swan, vulture, wren",Unknown,Unknown,,,
parakeet,0,1,1,0,1,0,0,0,1,1,0,0,2,1,1,0,2,2,20,Bird,"chicken, crow, dove, duck, flamingo, gull, hawk, kiwi, lark, ostrich, parakeet, penguin, pheasant, rhea, skimmer, skua, sparrow, swan, vulture, wren",Unknown,Unknown,,,
penguin,0,1,1,0,0,1,1,0,1,1,0,0,2,1,0,1,2,2,20,Bird,"chicken, crow, dove, duck, flamingo, gull, hawk, kiwi, lark, ostrich, parakeet, penguin, pheasant, rhea, skimmer, skua, sparrow, swan, vulture, wren",Unknown,Unknown,,,
pheasant,0,1,1,0,1,0,0,0,1,1,0,0,2,1,0,0,2,2,20,Bird,"chicken, crow, dove, duck, flamingo, gull, hawk, kiwi, lark, ostrich, parakeet, penguin, pheasant, rhea, skimmer, skua, sparrow, swan, vulture, wren",Unknown,Unknown,,,
pike,0,0,1,0,0,1,1,1,1,0,0,1,0,1,0,1,4,4,13,Fish,"bass, carp, catfish, chub, dogfish, haddock, herring, pike, piranha, seahorse, sole, stingray, tuna",Unknown,Unknown,,,
piranha,0,0,1,0,0,1,1,1,1,0,0,1,0,1,0,0,4,4,13,Fish,"bass, carp, catfish, chub, dogfish, haddock, herring, pike, piranha, seahorse, sole, stingray, tuna",Unknown,Unknown,,,
pitviper,0,0,1,0,0,0,1,1,1,1,1,0,0,1,0,0,3,3,5,Reptile,"pitviper, seasnake, slowworm, tortoise, tuatara",Unknown,Unknown,,,
platypus,1,0,1,1,0,1,1,0,1,1,0,0,4,1,0,1,1,1,41,Mammal,"aardvark, antelope, bear, boar, buffalo, calf, cavy, cheetah, deer, dolphin, elephant, fruitbat, giraffe, girl, goat, gorilla, hamster, hare, leopard, lion, lynx, mink, mole, mongoose, opossum, oryx, platypus, polecat, pony, porpoise, puma, pussycat, raccoon, reindeer, seal, sealion, squirrel, vampire, vole, wallaby, wolf",Unknown,Unknown,,,
polecat,1,0,0,1,0,0,1,1,1,1,0,0,4,1,0,1,1,1,41,Mammal,"aardvark, antelope, bear, boar, buffalo, calf, cavy, cheetah, deer, dolphin, elephant, fruitbat, giraffe, girl, goat, gorilla, hamster, hare, leopard, lion, lynx, mink, mole, mongoose, opossum, oryx, platypus, polecat, pony, porpoise, puma, pussycat, raccoon, reindeer, seal, sealion, squirrel, vampire, vole, wallaby, wolf",Unknown,Unknown,,,
pony,1,0,0,1,0,0,0,1,1,1,0,0,4,1,1,1,1,1,41,Mammal,"aardvark, antelope, bear, boar, buffalo, calf, cavy, cheetah, deer, dolphin, elephant, fruitbat, giraffe, girl, goat, gorilla, hamster, hare, leopard, lion, lynx, mink, mole, mongoose, opossum, oryx, platypus, polecat, pony, porpoise, puma, pussycat, raccoon, reindeer, seal, sealion, squirrel, vampire, vole, wallaby, wolf",Unknown,Unknown,,,
porpoise,0,0,0,1,0,1,1,1,1,1,0,1,0,1,0,1,1,1,41,Mammal,"aardvark, antelope, bear, boar, buffalo, calf, cavy, cheetah, deer, dolphin, elephant, fruitbat, giraffe, girl, goat, gorilla, hamster, hare, leopard, lion, lynx, mink, mole, mongoose, opossum, oryx, platypus, polecat, pony, porpoise, puma, pussycat, raccoon, reindeer, seal, sealion, squirrel, vampire, vole, wallaby, wolf",Unknown,Unknown,,,
puma,1,0,0,1,0,0,1,1,1,1,0,0,4,1,0,1,1,1,41,Mammal,"aardvark, antelope, bear, boar, buffalo, calf, cavy, cheetah, deer, dolphin, elephant, fruitbat, giraffe, girl, goat, gorilla, hamster, hare, leopard, lion, lynx, mink, mole, mongoose, opossum, oryx, platypus, polecat, pony, porpoise, puma, pussycat, raccoon, reindeer, seal, sealion, squirrel, vampire, vole, wallaby, wolf",Unknown,Unknown,,,
pussycat,1,0,0,1,0,0,1,1,1,1,0,0,4,1,1,1,1,1,41,Mammal,"aardvark, antelope, bear, boar, buffalo, calf, cavy, cheetah, deer, dolphin, elephant, fruitbat, giraffe, girl, goat, gorilla, hamster, hare, leopard, lion, lynx, mink, mole, mongoose, opossum, oryx, platypus, polecat, pony, porpoise, puma, pussycat, raccoon, reindeer, seal, sealion, squirrel, vampire, vole, wallaby, wolf",Unknown,Unknown,,,
raccoon,1,0,0,1,0,0,1,1,1,1,0,0,4,1,0,1,1,1,41,Mammal,"aardvark, antelope, bear, boar, buffalo, calf, cavy, cheetah, deer, dolphin, elephant, fruitbat, giraffe, girl, goat, gorilla, hamster, hare, leopard, lion, lynx, mink, mole, mongoose, opossum, oryx, platypus, polecat, pony, porpoise, puma, pussycat, raccoon, reindeer, seal, sealion, squirrel, vampire, vole, wallaby, wolf",Unknown,Unknown,,,
reindeer,1,0,0,1,0,0,0,1,1,1,0,0,4,1,1,1,1,1,41,Mammal,"aardvark, antelope, bear, boar, buffalo, calf, cavy, cheetah, deer, dolphin, elephant, fruitbat, giraffe, girl, goat, gorilla, hamster, hare, leopard, lion, lynx, mink, mole, mongoose, opossum, oryx, platypus, polecat, pony, porpoise, puma, pussycat, raccoon, reindeer, seal, sealion, squirrel, vampire, vole, wallaby, wolf",Unknown,Unknown,,,
rhea,0,1,1,0,0,0,1,0,1,1,0,0,2,1,0,1,2,2,20,Bird,"chicken, crow, dove, duck, flamingo, gull, hawk, kiwi, lark, ostrich, parakeet, penguin, pheasant, rhea, skimmer, skua, sparrow, swan, vulture, wren",Unknown,Unknown,,,
scorpion,0,0,0,0,0,0,1,0,0,1,1,0,8,1,0,0,7,7,10,Invertebrate,"clam, crab, crayfish, lobster, octopus, scorpion, seawasp, slug, starfish, worm",Unknown,Unknown,,,
seahorse,0,0,1,0,0,1,0,1,1,0,0,1,0,1,0,0,4,4,13,Fish,"bass, carp, catfish, chub, dogfish, haddock, herring, pike, piranha, seahorse, sole, stingray, tuna",Unknown,Unknown,,,
seal,1,0,0,1,0,1,1,1,1,1,0,1,0,0,0,1,1,1,41,Mammal,"aardvark, antelope, bear, boar, buffalo, calf, cavy, cheetah, deer, dolphin, elephant, fruitbat, giraffe, girl, goat, gorilla, hamster, hare, leopard, lion, lynx, mink, mole, mongoose, opossum, oryx, platypus, polecat, pony, porpoise, puma, pussycat, raccoon, reindeer, seal, sealion, squirrel, vampire, vole, wallaby, wolf",Unknown,Unknown,,,
sealion,1,0,0,1,0,1,1,1,1,1,0,1,2,1,0,1,1,1,41,Mammal,"aardvark, antelope, bear, boar, buffalo, calf, cavy, cheetah, deer, dolphin, elephant, fruitbat, giraffe, girl, goat, gorilla, hamster, hare, leopard, lion, lynx, mink, mole, mongoose, opossum, oryx, platypus, polecat, pony, porpoise, puma, pussycat, raccoon, reindeer, seal, sealion, squirrel, vampire, vole, wallaby, wolf",Unknown,Unknown,,,
seasnake,0,0,0,0,0,1,1,1,1,0,1,0,0,1,0,0,3,3,5,Reptile,"pitviper, seasnake, slowworm, tortoise, tuatara",Unknown,Unknown,,,
seawasp,0,0,1,0,0,1,1,0,0,0,1,0,0,0,0,0,7,7,10,Invertebrate,"clam, crab, crayfish, lobster, octopus, scorpion, seawasp, slug, starfish, worm",Unknown,Unknown,,,
skimmer,0,1,1,0,1,1,1,0,1,1,0,0,2,1,0,0,2,2,20,Bird,"chicken, crow, dove, duck, flamingo, gull, hawk, kiwi, lark, ostrich, parakeet, penguin, pheasant, rhea, skimmer, skua, sparrow, swan, vulture, wren",Unknown,Unknown,,,
skua,0,1,1,0,1,1,1,0,1,1,0,0,2,1,0,0,2,2,20,Bird,"chicken, crow, dove, duck, flamingo, gull, hawk, kiwi, lark, ostrich, parakeet, penguin, pheasant, rhea, skimmer, skua, sparrow, swan, vulture, wren",Unknown,Unknown,,,
slowworm,0,0,1,0,0,0,1,1,1,1,0,0,0,1,0,0,3,3,5,Reptile,"pitviper, seasnake, slowworm, tortoise, tuatara",Unknown,Unknown,,,
slug,0,0,1,0,0,0,0,0,0,1,0,0,0,0,0,0,7,7,10,Invertebrate,"clam, crab, crayfish, lobster, octopus, scorpion, seawasp, slug, starfish, worm",Unknown,Unknown,,,
sole,0,0,1,0,0,1,0,1,1,0,0,1,0,1,0,0,4,4,13,Fish,"bass, carp, catfish, chub, dogfish, haddock, herring, pike, piranha, seahorse, sole, stingray, tuna",Unknown,Unknown,,,
sparrow,0,1,1,0,1,0,0,0,1,1,0,0,2,1,0,0,2,2,20,Bird,"chicken, crow, dove, duck, flamingo, gull, hawk, kiwi, lark, ostrich, parakeet, penguin, pheasant, rhea, skimmer, skua, sparrow, swan, vulture, wren",Unknown,Unknown,,,
squirrel,1,0,0,1,0,0,0,1,1,1,0,0,2,1,0,0,1,1,41,Mammal,"aardvark, antelope, bear, boar, buffalo, calf, cavy, cheetah, deer, dolphin, elephant, fruitbat, giraffe, girl, goat, gorilla, hamster, hare, leopard, lion, lynx, mink, mole, mongoose, opossum, oryx, platypus, polecat, pony, porpoise, puma, pussycat, raccoon, reindeer, seal, sealion, squirrel, vampire, vole, wallaby, wolf",Unknown,Unknown,,,
starfish,0,0,1,0,0,1,1,0,0,0,0,0,5,0,0,0,7,7,10,Invertebrate,"clam, crab, crayfish, lobster, octopus, scorpion, seawasp, slug, starfish, worm",Unknown,Unknown,,,
stingray,0,0,1,0,0,1,1,1,1,0,1,1,0,1,0,1,4,4,13,Fish,"bass, carp, catfish, chub, dogfish, haddock, herring, pike, piranha, seahorse, sole, stingray, tuna",Unknown,Unknown,,,
swan,0,1,1,0,1,1,0,0,1,1,0,0,2,1,0,1,2,2,20,Bird,"chicken, crow, dove, duck, flamingo, gull, hawk, kiwi, lark, ostrich, parakeet, penguin, pheasant, rhea, skimmer, skua, sparrow, swan, vulture, wren",Unknown,Unknown,,,
termite,0,0,1,0,0,0,0,0,0,1,0,0,6,0,0,0,6,6,8,Bug,"flea, gnat, honeybee, housefly, ladybird, moth, termite, wasp",Unknown,Unknown,,,
toad,0,0,1,0,0,1,0,1,1,1,0,0,4,0,0,0,5,5,4,Amphibian,"frog, frog, newt, toad",Unknown,Unknown,,,
tortoise,0,0,1,0,0,0,0,0,1,1,0,0,4,1,0,1,3,3,5,Reptile,"pitviper, seasnake, slowworm, tortoise, tuatara",Unknown,Unknown,,,
tuatara,0,0,1,0,0,0,1,1,1,1,0,0,4,1,0,0,3,3,5,Reptile,"pitviper, seasnake, slowworm, tortoise, tuatara",Unknown,Unknown,,,
tuna,0,0,1,0,0,1,1,1,1,0,0,1,0,1,0,1,4,4,13,Fish,"bass, carp, catfish, chub, dogfish, haddock, herring, pike, piranha, seahorse, sole, stingray, tuna",Unknown,Unknown,,,
vampire,1,0,0,1,1,0,0,1,1,1,0,0,2,1,0,0,1,1,41,Mammal,"aardvark, antelope, bear, boar, buffalo, calf, cavy, cheetah, deer, dolphin, elephant, fruitbat, giraffe, girl, goat, gorilla, hamster, hare, leopard, lion, lynx, mink, mole, mongoose, opossum, oryx, platypus, polecat, pony, porpoise, puma, pussycat, raccoon, reindeer, seal, sealion, squirrel, vampire, vole, wallaby, wolf",Unknown,Unknown,,,
vole,1,0,0,1,0,0,0,1,1,1,0,0,4,1,0,0,1,1,41,Mammal,"aardvark, antelope, bear, boar, buffalo, calf, cavy, cheetah, deer, dolphin, elephant, fruitbat, giraffe, girl, goat, gorilla, hamster, hare, leopard, lion, lynx, mink, mole, mongoose, opossum, oryx, platypus, polecat, pony, porpoise, puma, pussycat, raccoon, reindeer, seal, sealion, squirrel, vampire, vole, wallaby, wolf",Unknown,Unknown,,,
vulture,0,1,1,0,1,0,1,0,1,1,0,0,2,1,0,1,2,2,20,Bird,"chicken, crow, dove, duck, flamingo, gull, hawk, kiwi, lark, ostrich, parakeet, penguin, pheasant, rhea, skimmer, skua, sparrow, swan, vulture, wren",Unknown,Unknown,,,
wallaby,1,0,0,1,0,0,0,1,1,1,0,0,2,1,0,1,1,1,41,Mammal,"aardvark, antelope, bear, boar, buffalo, calf, cavy, cheetah, deer, dolphin, elephant, fruitbat, giraffe, girl, goat, gorilla, hamster, hare, leopard, lion, lynx, mink, mole, mongoose, opossum, oryx, platypus, polecat, pony, porpoise, puma, pussycat, raccoon, reindeer, seal, sealion, squirrel, vampire, vole, wallaby, wolf",Unknown,Unknown,,,
wasp,1,0,1,0,1,0,0,0,0,1,1,0,6,0,0,0,6,6,8,Bug,"flea, gnat, honeybee, housefly, ladybird, moth, termite, wasp",Unknown,Unknown,,,
wolf,1,0,0,1,0,0,1,1,1,1,0,0,4,1,0,1,1,1,41,Mammal,"aardvark, antelope, bear, boar, buffalo, calf, cavy, cheetah, deer, dolphin, elephant, fruitbat, giraffe, girl, goat, gorilla, hamster, hare, leopard, lion, lynx, mink, mole, mongoose, opossum, oryx, platypus, polecat, pony, porpoise, puma, pussycat, raccoon, reindeer, seal, sealion, squirrel, vampire, vole, wallaby, wolf",Unknown,Unknown,,,
worm,0,0,1,0,0,0,0,0,0,1,0,0,0,0,0,0,7,7,10,Invertebrate,"clam, crab, crayfish, lobster, octopus, scorpion, seawasp, slug, starfish, worm",Unknown,Unknown,,,
wren,0,1,1,0,1,0,0,0,1,1,0,0,2,1,0,0,2,2,20,Bird,"chicken, crow, dove, duck, flamingo, gull, hawk, kiwi, lark, ostrich, parakeet, penguin, pheasant, rhea, skimmer, skua, sparrow, swan, vulture, wren",Unknown,Unknown,,,
